algo,score,clusters
Meanshift,0.5060122726757966,0
Affinity,0.3353681794791877,0
DBSCAN,0.9626815572732176,0
OPTICS,-0.6003076524523103,0
